company|title|location|link
amazon|2025 software dev engineer intern - austria|graz, styria, austria|https://www.linkedin.com/jobs/view/4024702620
doctor|2025 software dev engineer intern - austria|graz, styria, austria|https://www.linkedin.com/jobs/view/4024431823
amazon web services (aws)|2025 software dev engineer intern - france|courbevoie, île-de-france, france|https://www.linkedin.com/jobs/view/4033778974
bigblue|software engineer intern|paris, île-de-france, france|https://www.linkedin.com/jobs/view/3575815459
amazon web services (aws)|2025 software dev engineer intern - france|clichy, île-de-france, france|https://www.linkedin.com/jobs/view/4033784025
tietalent|software engineer intern|paris, île-de-france, france|https://www.linkedin.com/jobs/view/4047524283
amazon web services (aws)|2025 software dev engineer intern - france|bordeaux, nouvelle-aquitaine, france|https://www.linkedin.com/jobs/view/4033780560
doctor|2025 software dev engineer intern - france|clichy, île-de-france, france|https://www.linkedin.com/jobs/view/4033599312
mygwork - lgbtq+ business community|2025 software dev engineer intern - france|clichy, île-de-france, france|https://www.linkedin.com/jobs/view/4044220073
amazon web services (aws)|2025 software dev engineer intern - germany|berlin, berlin, germany|https://www.linkedin.com/jobs/view/4037016526
amazon web services (aws)|2025 software dev engineer intern - germany|munich, bavaria, germany|https://www.linkedin.com/jobs/view/4037018439
amazon web services (aws)|2025 software dev engineer intern - germany|aachen, north rhine-westphalia, germany|https://www.linkedin.com/jobs/view/4037018441
mygwork - lgbtq+ business community|2025 software dev engineer intern - germany|berlin, berlin, germany|https://www.linkedin.com/jobs/view/4044218029
doctor|graduate shift manager (m/w/d) - ramstein-miesenbach bei kaiserslautern|miesenbach, rhineland-palatinate, germany|https://www.linkedin.com/jobs/view/4041408227
doctor|shift manager (m/w/d) - bad oldesloe|bad oldesloe, schleswig-holstein, germany|https://www.linkedin.com/jobs/view/4013309289
amazon|2025 software dev engineer intern - ireland|dublin, county dublin, ireland|https://www.linkedin.com/jobs/view/4023782082
doctor|2025 software dev engineer intern - ireland|dublin, county dublin, ireland|https://www.linkedin.com/jobs/view/4024044238
amazon|2025 software dev engineer intern - luxembourg|luxembourg, luxembourg, luxembourg|https://www.linkedin.com/jobs/view/4023775942
amazon|2025 data engineer internship|luxembourg, luxembourg, luxembourg|https://www.linkedin.com/jobs/view/4022066210
doctor|2025 data engineer internship|luxembourg, luxembourg, luxembourg|https://www.linkedin.com/jobs/view/4021830984
amazon|2025 software dev engineer intern - poland|warsaw, mazowieckie, poland|https://www.linkedin.com/jobs/view/4027565930
amazon|2025 software dev engineer intern - poland|gdańsk, pomorskie, poland|https://www.linkedin.com/jobs/view/4027571069
doctor|2025 software dev engineer intern - poland|gdańsk, pomorskie, poland|https://www.linkedin.com/jobs/view/4027612667
amazon|2025 software dev engineer intern - romania|bucharest, bucharest, romania|https://www.linkedin.com/jobs/view/4027966970
amazon|2025 software dev engineer intern - romania|iaşi, iaşi, romania|https://www.linkedin.com/jobs/view/4027970662
hipo.ro|programe de internship, trainee sau joburi entry-level in it|ilfov, romania|https://www.linkedin.com/jobs/view/3832644850
hipo.ro|2025 software dev engineer intern - romania|ilfov, romania|https://www.linkedin.com/jobs/view/4031103578
doctor|2025 software dev engineer intern - romania|iaşi, iaşi, romania|https://www.linkedin.com/jobs/view/4028199866
mygwork - lgbtq+ business community|2025 software dev engineer intern - romania|iaşi, iaşi, romania|https://www.linkedin.com/jobs/view/4044215913
amazon|jr. software development engineer, jr. developer program|madrid, community of madrid, spain|https://www.linkedin.com/jobs/view/3891985403
amazon|2025 software dev engineer intern - spain|barcelona, catalonia, spain|https://www.linkedin.com/jobs/view/4023775921
amazon|2025 software dev engineer intern - spain|madrid, community of madrid, spain|https://www.linkedin.com/jobs/view/4023780180
doctor|2025 software dev engineer intern - spain|madrid, community of madrid, spain|https://www.linkedin.com/jobs/view/4024042290
doctor|2025 software dev engineer intern - sweden|stockholm, stockholm county, sweden|https://www.linkedin.com/jobs/view/4023164500
amazon|2025 software dev engineer intern - uk|london, england, united kingdom|https://www.linkedin.com/jobs/view/4024704446
amazon|2025 software dev engineer intern - uk|cambridge, england, united kingdom|https://www.linkedin.com/jobs/view/4024705070
amazon|2025 software dev engineer intern - uk|edinburgh, scotland, united kingdom|https://www.linkedin.com/jobs/view/4024703560
doctor|program manager intern (12 month internship)|london, england, united kingdom|https://www.linkedin.com/jobs/view/4045099607
doctor|2025 sales & account management intern - 12 months|london, england, united kingdom|https://www.linkedin.com/jobs/view/4046234404
